{
    "train_loss": [
        0.5886560211029114,
        0.3762183766507843,
        0.32353361728457486,
        0.30039965989450146,
        0.2758005088577199,
        0.26330422848030355,
        0.23829778076949007,
        0.23411102157539118,
        0.225118103923915,
        0.21217905388348068,
        0.20355863956491144,
        0.18004623637914982,
        0.17474991186418842,
        0.1657345537772358,
        0.14797764247327286,
        0.143357813466271,
        0.13536866086437122,
        0.12160817997063385,
        0.11376284386733625
    ],
    "val_loss": [
        0.363383730889118,
        0.4012737571253997,
        0.30969885608353537,
        0.27200342696003554,
        0.4486497223314618,
        0.31405473678928464,
        0.5221235964040295,
        0.38286403615121584,
        0.30363759860795525,
        0.35296278677737936,
        0.33425056593230446,
        0.36095298283553423,
        0.3793346918923702,
        0.38815076444532814,
        0.4273580346851289,
        0.5142101592407757,
        0.526265569305157,
        0.5023875114774066,
        0.506510919507323
    ],
    "train_metric": [
        0.7705308529945554,
        0.848570780399274,
        0.8769283121597096,
        0.8850952813067151,
        0.8941696914700544,
        0.9022232304900182,
        0.9072141560798548,
        0.9112976406533575,
        0.9186705989110708,
        0.9233212341197822,
        0.9254764065335753,
        0.9345508166969148,
        0.9396551724137931,
        0.9413566243194192,
        0.9465744101633394,
        0.9509981851179673,
        0.9538339382940109,
        0.9598457350272233,
        0.9629083484573503
    ],
    "val_metric": [
        0.8576680672268907,
        0.8350840336134454,
        0.8828781512605042,
        0.8870798319327731,
        0.8413865546218487,
        0.8797268907563025,
        0.8140756302521008,
        0.8707983193277311,
        0.8891806722689075,
        0.8823529411764706,
        0.8897058823529411,
        0.8876050420168067,
        0.881827731092437,
        0.8797268907563025,
        0.8718487394957983,
        0.8550420168067226,
        0.8692226890756303,
        0.868172268907563,
        0.8813025210084033
    ],
    "lr": [
        0.0001,
        0.0001,
        0.0001,
        0.0001,
        0.0001,
        9.980072755276435e-05,
        9.920451463563217e-05,
        9.821616160444475e-05,
        9.6843626096667e-05,
        9.509795896116976e-05,
        9.299321528329238e-05,
        9.05463412215599e-05,
        8.777703756717875e-05,
        8.470760112484981e-05,
        8.136274519200731e-05,
        7.776940058187908e-05,
        7.395649879241344e-05,
        6.995473906686923e-05,
        6.57963412215599e-05
    ]
}